Amplitude,RR,Arritmia
0.890212152004827,-0.0195514842867747,(VT
1.68303393185153,0.734469748437021,(VT
1.69040087044283,0.596336288750091,(VT
0.780348707736087,-0.252924172282212,(VT
1.96766896933364,1.02315226763488,(VT
2.08806728094867,0.943115904331038,(VT
1.89461002647903,0.870535910129338,(VT
