Amplitude,RR,Arritmia
0.788297799825732,0.600000000048006,(VT
