Amplitude,RR,Arritmia
1.61093017816581,0.375000000029985,(VT
1.371079384387,0.350000000027876,(VT
