Amplitude,RR,Arritmia
1.05905691176695,0.647222222273967,(VT
1.13143601536779,0.78055555561798,(VT
