Amplitude,RR,Arritmia
0.737444937825219,0.513888888929955,(VT
0.509371774196645,0.766666666728042,(VT
