Amplitude,RR,Arritmia
0.54584383815529,0.575000000045975,(VT
0.656200265288359,1.16944444453799,(VT
0.544814887642866,0.630555555605952,(VT
0.526832801997668,0.911111111184027,(VT
